{
  "India": {
    "Andhra Pradesh": [
      "Visakhapatnam","Vijayawada","Guntur","Nellore","Kurnool",
      "Rajahmundry","Tirupati","Anantapur","Kadapa","Eluru",
      "Ongole","Srikakulam","Chittoor","Vizianagaram","Tenali",
      "Proddatur","Adoni","Nandyal","Machilipatnam","Hindupur",
      "Bhimavaram","Gudivada","Tadepalligudem","Amalapuram","Narasaraopet"
    ],
    "Telangana": [
      "Hyderabad","Warangal","Nizamabad","Karimnagar","Khammam",
      "Ramagundam","Mahbubnagar","Nalgonda","Adilabad","Miryalaguda",
      "Siddipet","Suryapet","Jagityal","Mancherial","Bodhan",
      "Jangaon","Medak","Vikarabad","Zaheerabad","Sangareddy",
      "Kamareddy","Tandur","Bellampalle","Bhongir","Palwancha"
    ],
    "Arunachal Pradesh": ["Itanagar", "Tawang", "Pasighat", "Ziro", "Bomdila"],
    "Assam": ["Guwahati", "Tezpur", "Dibrugarh", "Silchar", "North Lakhimpur"],
    "Bihar": ["Patna", "Gaya", "Darbhanga", "Bhagalpur", "Muzaffarpur"],
    "Chhattisgarh": ["Raipur", "Bilaspur", "Korba", "Durg", "Rajnandgaon"],
    "Goa": ["Panaji", "Vasco da Gama", "Margao", "Ponda", "Mapusa"],
    "Gujarat": ["Ahmedabad", "Surat", "Rajkot", "Vadodara", "Bhavnagar"],
    "Haryana": ["Faridabad", "Gurugram", "Panipat", "Ambala", "Hisar"],
    "Himachal Pradesh": ["Shimla", "Dharamshala", "Mandi", "Solan", "Bilaspur"],
    "Jharkhand": ["Ranchi", "Jamshedpur", "Dhanbad", "Bokaro", "Deoghar"],
    "Karnataka": ["Bengaluru", "Mysuru", "Mangalore", "Hubli", "Belgaum"],
    "Kerala": ["Thiruvananthapuram", "Kochi", "Kozhikode", "Thrissur", "Alappuzha"],
    "Madhya Pradesh": ["Bhopal", "Indore", "Gwalior", "Jabalpur", "Ujjain"],
    "Maharashtra": ["Mumbai", "Pune", "Nagpur", "Nashik", "Aurangabad"],
    "Manipur": ["Imphal", "Bishnupur", "Ukhrul", "Churachandpur", "Thoubal"],
    "Meghalaya": ["Shillong", "Tura", "Jowai", "Baghmara", "Nongpoh"],
    "Mizoram": ["Aizawl", "Lunglei", "Champhai", "Serchhip", "Kolasib"],
    "Nagaland": ["Kohima", "Dimapur", "Mokokchung", "Tuensang", "Zunheboto"],
    "Odisha": ["Bhubaneswar", "Cuttack", "Rourkela", "Puri", "Sambalpur"],
    "Punjab": ["Ludhiana", "Amritsar", "Jalandhar", "Patiala", "Bathinda"],
    "Rajasthan": ["Jaipur", "Jodhpur", "Udaipur", "Kota", "Ajmer"],
    "Sikkim": ["Gangtok", "Namchi", "Mangan", "Gyalshing", "Rangpo"],
    "Tamil Nadu": ["Chennai", "Coimbatore", "Madurai", "Tiruchirappalli", "Salem"],
    "Tripura": ["Agartala", "Udaipur", "Dharmanagar", "Belonia", "Kailasahar"],
    "Uttar Pradesh": ["Lucknow", "Kanpur", "Varanasi", "Agra", "Meerut"],
    "Uttarakhand": ["Dehradun", "Haridwar", "Roorkee", "Haldwani", "Rishikesh"],
    "West Bengal": ["Kolkata", "Asansol", "Siliguri", "Durgapur", "Howrah"],
    "Andaman and Nicobar Islands": ["Port Blair"],
    "Chandigarh": ["Chandigarh"],
    "Dadra and Nagar Haveli and Daman and Diu": ["Daman", "Diu", "Silvassa"],
    "Delhi": ["New Delhi"],
    "Jammu and Kashmir": ["Srinagar", "Jammu"],
    "Ladakh": ["Leh"],
    "Lakshadweep": ["Kavaratti"],
    "Puducherry": ["Puducherry"]
  }
}